dataset,embedding,evidence_tokens,full_evidence,graph_actions,harmful_expansions,policy,policy_latency_ms,retrieval_latency_ms,seed,support_mrr,support_ndcg,support_recall,support_recall_at_2,support_recall_at_5,total_latency_ms,total_latency_ms_p95
2wiki,bge-m3_latest,702.857,0.393,0.0,0.0,hybrid,0.01830919785425067,11054.299675696064,101,0.96695,0.7469598938267689,0.70325,0.62025,0.70325,11054.468566195574,322.607790119946
2wiki,bge-m3_latest,871.248,0.444,1.973,1.789,relevance_always,55.49996020109393,11054.299675696064,101,0.9659833333333333,0.7616497775068424,0.7305,0.62025,0.7305,11109.959558596369,386.7727448232472
2wiki,bge-m3_latest,756.384,0.604,1.981,1.544,mrv_always,52.20482280058786,11054.299675696064,101,0.9652000000000001,0.8259104258423643,0.83225,0.62025,0.83225,11106.647082492476,382.3060600087046
2wiki,bge-m3_latest,820.17,0.444,1.606,1.427,relevance_gated,42.87269990029745,11054.299675696064,101,0.9662833333333333,0.7621928220179052,0.731,0.62025,0.731,11097.323933088686,377.3371400311589
2wiki,bge-m3_latest,725.967,0.601,1.624,1.194,mrv_gated,41.731871302006766,11054.299675696064,101,0.9652999999999999,0.8252350775408293,0.8305,0.62025,0.8305,11096.167688995367,374.47601029416546
2wiki,bge-m3_latest,717.425,0.75,0.682,0.0,oracle_upper_bound,41.773788700578734,11054.299675696064,101,0.9673666666666667,0.8947452329741152,0.92575,0.62025,0.92575,11096.209722203901,378.0457199783996
2wiki,bge-m3_latest,559.944,0.292,0.0,0.0,bm25,0.013241895940154791,24.766297100810334,101,0.8686500000000001,0.6459691156090762,0.62,0.50975,0.62,24.888229493284598,37.18025996349751
2wiki,bge-m3_latest,763.379,0.437,0.0,0.0,dense,0.01899520237930119,1.9958720984868705,101,0.97495,0.7597632962997345,0.71575,0.63675,0.71575,2.1531075986567885,2.49706992181018
2wiki,bge-m3_latest,651.651,0.375,0.0,0.0,rrf_fusion,0.016346297459676862,27.14607090735808,101,0.9603166666666666,0.7359391477150222,0.692,0.6045,0.692,27.285741704283282,39.96498486958444
2wiki,qwen3-embedding_0.6b,618.487,0.367,0.0,0.0,hybrid,0.016020501032471657,195.88222889997996,101,0.9686,0.7372230794502823,0.68825,0.60975,0.68825,196.02558670775034,282.3534500435925
2wiki,qwen3-embedding_0.6b,778.273,0.419,1.982,1.796,relevance_always,44.6871353960596,195.88222889997996,101,0.9672999999999999,0.7532214722246101,0.71725,0.60975,0.71725,240.69064219365828,333.24746536090964
2wiki,qwen3-embedding_0.6b,716.144,0.58,1.974,1.538,mrv_always,43.05093150003813,195.88222889997996,101,0.9663666666666667,0.8176742062382758,0.81875,0.60975,0.81875,239.046835396206,331.2349347048439
2wiki,qwen3-embedding_0.6b,711.807,0.407,1.379,1.225,relevance_gated,29.202571097994223,195.88222889997996,101,0.9676166666666667,0.7506504151524078,0.712,0.60975,0.712,225.19672889611684,320.1415348565206
2wiki,qwen3-embedding_0.6b,671.836,0.572,1.52,1.107,mrv_gated,31.855283099925146,195.88222889997996,101,0.967,0.8157052789358427,0.815,0.60975,0.815,227.8454212017823,322.21055522095406
2wiki,qwen3-embedding_0.6b,654.492,0.753,0.713,0.0,oracle_upper_bound,35.24447079678066,195.88222889997996,101,0.9692333333333334,0.8958855196964758,0.92825,0.60975,0.92825,231.23146869428456,325.1636502449401
2wiki,qwen3-embedding_0.6b,559.944,0.292,0.0,0.0,bm25,0.01181530300527811,21.546945399604738,101,0.8686500000000001,0.6459691156090762,0.62,0.50975,0.62,21.65074850153178,31.312140217050906
2wiki,qwen3-embedding_0.6b,603.965,0.384,0.0,0.0,dense,0.01642250339500606,1.948778699617833,101,0.9754166666666667,0.743429528486026,0.69275,0.623,0.69275,2.061853906372562,2.3741751443594694
2wiki,qwen3-embedding_0.6b,581.756,0.352,0.0,0.0,rrf_fusion,0.01588810607790947,23.38566919718869,101,0.94905,0.7196434029279457,0.67625,0.59175,0.67625,23.495702606160194,32.70450501004234
2wiki,qwen3-embedding_0.6b,618.487,0.367,0.0,0.0,hybrid,0.018867998151108623,37.96839850069955,202,0.9686,0.7372230794502823,0.68825,0.60975,0.68825,38.11779739474878,49.722544790711254
2wiki,qwen3-embedding_0.6b,778.273,0.419,1.982,1.796,relevance_always,52.776466297218576,37.96839850069955,202,0.9672999999999999,0.7532214722246101,0.71725,0.60975,0.71725,90.89081259351224,121.46799508482216
2wiki,qwen3-embedding_0.6b,696.609,0.578,1.979,1.546,mrv_always,49.736534206429496,37.96839850069955,202,0.9663666666666667,0.816904551012879,0.8175,0.60975,0.8175,87.8338615077082,118.67640011478215
2wiki,qwen3-embedding_0.6b,708.958,0.408,1.371,1.215,relevance_gated,33.716670599067584,37.96839850069955,202,0.9674166666666666,0.7504512095670448,0.71175,0.60975,0.71175,71.81635920214467,108.23790503200142
2wiki,qwen3-embedding_0.6b,666.924,0.572,1.518,1.105,mrv_gated,37.181096299085766,37.96839850069955,202,0.9667,0.8151305080283265,0.81425,0.60975,0.81425,75.2743116049096,110.96303506055847
2wiki,qwen3-embedding_0.6b,654.492,0.753,0.713,0.0,oracle_upper_bound,41.22967730113305,37.96839850069955,202,0.9692333333333334,0.8958855196964758,0.92825,0.60975,0.92825,79.32575669954531,113.07801997754721
2wiki,qwen3-embedding_0.6b,559.944,0.292,0.0,0.0,bm25,0.013203796464949846,24.608457999071106,202,0.8686500000000001,0.6459691156090762,0.62,0.50975,0.62,24.73130519129336,36.099305225070566
2wiki,qwen3-embedding_0.6b,603.965,0.384,0.0,0.0,dense,0.015889102593064308,1.9684251996222883,202,0.9754166666666667,0.743429528486026,0.69275,0.623,0.69275,2.097945098998025,2.393949741963297
2wiki,qwen3-embedding_0.6b,581.756,0.352,0.0,0.0,rrf_fusion,0.014806097839027643,26.96085519855842,202,0.94905,0.7196434029279457,0.67625,0.59175,0.67625,27.086775901028886,38.09816505527123
2wiki,qwen3-embedding_0.6b,618.487,0.367,0.0,0.0,hybrid,0.01739430264569819,30.124154801946133,303,0.9686,0.7372230794502823,0.68825,0.60975,0.68825,30.272422600071877,41.36047502979636
2wiki,qwen3-embedding_0.6b,778.273,0.419,1.982,1.796,relevance_always,52.23272280022502,30.124154801946133,303,0.9672999999999999,0.7532214722246101,0.71725,0.60975,0.71725,82.49985299981199,112.73109001340343
2wiki,qwen3-embedding_0.6b,706.019,0.576,1.976,1.546,mrv_always,49.7391940029338,30.124154801946133,303,0.9663666666666667,0.8161968598067445,0.81625,0.60975,0.81625,80.00100580137223,109.33457516366607
2wiki,qwen3-embedding_0.6b,724.004,0.407,1.53,1.362,relevance_gated,38.125753498170525,30.124154801946133,303,0.96775,0.750726378393697,0.71225,0.60975,0.71225,68.38308149995282,104.87395488889888
2wiki,qwen3-embedding_0.6b,674.54,0.574,1.656,1.234,mrv_gated,40.49896029615775,30.124154801946133,303,0.9663666666666667,0.8151016086178371,0.8145,0.60975,0.8145,70.75130680622533,103.86003504972902
2wiki,qwen3-embedding_0.6b,654.492,0.753,0.713,0.0,oracle_upper_bound,40.98170939856209,30.124154801946133,303,0.9692333333333334,0.8958855196964758,0.92825,0.60975,0.92825,71.23165109730326,103.20532489567995
2wiki,qwen3-embedding_0.6b,559.944,0.292,0.0,0.0,bm25,0.012886503245681524,24.596378602087498,303,0.8686500000000001,0.6459691156090762,0.62,0.50975,0.62,24.718409406254068,35.546850005630404
2wiki,qwen3-embedding_0.6b,603.965,0.384,0.0,0.0,dense,0.015734500717371702,1.9940350006800145,303,0.9754166666666667,0.743429528486026,0.69275,0.623,0.69275,2.124745096080005,2.419800031930208
2wiki,qwen3-embedding_0.6b,581.756,0.352,0.0,0.0,rrf_fusion,0.015711597865447402,27.124164501205087,303,0.94905,0.7196434029279457,0.67625,0.59175,0.67625,27.250597002450377,38.27980504138395
hotpot,bge-m3_latest,663.462,0.669,0.0,0.0,hybrid,0.017122598132118583,13594.087895303732,101,0.9363499999999999,0.8135571595407828,0.828,0.685,0.828,13594.23626210168,366.81684986688197
hotpot,bge-m3_latest,702.409,0.728,2.0,1.742,relevance_always,38.979336799820885,13594.087895303732,101,0.9348666666666666,0.8294406089296997,0.8565,0.685,0.8565,13633.184569808189,410.168205271475
hotpot,bge-m3_latest,650.155,0.825,1.956,1.6,mrv_always,36.54664870654233,13594.087895303732,101,0.9344833333333333,0.8594357165310609,0.905,0.685,0.905,13630.744817108847,407.4643253348768
hotpot,bge-m3_latest,685.9,0.724,1.581,1.341,relevance_gated,29.686480096308514,13594.087895303732,101,0.9350166666666666,0.8284561482323985,0.8545,0.685,0.8545,13623.891242699698,402.41788523271674
hotpot,bge-m3_latest,649.843,0.822,1.538,1.198,mrv_gated,28.529584298608825,13594.087895303732,101,0.9348166666666666,0.8585878075349019,0.9035,0.685,0.9035,13622.727900203085,401.97477501351386
hotpot,bge-m3_latest,651.71,0.936,0.481,0.0,oracle_upper_bound,25.807814593659714,13594.087895303732,101,0.9396166666666665,0.9024385992024775,0.965,0.685,0.965,13620.0061327992,398.2036198489368
hotpot,bge-m3_latest,604.004,0.448,0.0,0.0,bm25,0.0144064009655267,51.793885798659176,101,0.8442166666666667,0.683419466726298,0.6975,0.549,0.6975,51.90996259939857,81.44501500064507
hotpot,bge-m3_latest,677.163,0.666,0.0,0.0,dense,0.017269100062549114,3.0046319037210196,101,0.9385,0.816807161906516,0.825,0.699,0.825,3.1360648076515645,3.5523599246516824
hotpot,bge-m3_latest,642.952,0.652,0.0,0.0,rrf_fusion,0.016468396643176675,54.86519750393927,101,0.91275,0.7903194999420302,0.8185,0.6465,0.8185,54.99121660250239,85.37027521524577
hotpot,qwen3-embedding_0.6b,655.81,0.64,0.0,0.0,hybrid,0.018599100643768907,245.62474579829723,101,0.9267333333333333,0.7976417262764167,0.814,0.665,0.814,245.7798201974947,355.07255987031385
hotpot,qwen3-embedding_0.6b,691.577,0.711,2.0,1.725,relevance_always,40.881441306788474,245.62474579829723,101,0.9255,0.8163156077468331,0.848,0.665,0.848,286.6268768047448,400.68473499268293
hotpot,qwen3-embedding_0.6b,650.363,0.809,1.957,1.576,mrv_always,38.40996939712204,245.62474579829723,101,0.9245333333333333,0.8464494675293802,0.8955,0.665,0.8955,284.14975349535234,398.54360503377393
hotpot,qwen3-embedding_0.6b,679.621,0.71,1.626,1.366,relevance_gated,32.386936301598325,245.62474579829723,101,0.92585,0.816772404713489,0.848,0.665,0.848,278.13137319590896,397.5327553343959
hotpot,qwen3-embedding_0.6b,648.655,0.81,1.569,1.201,mrv_gated,31.04144120379351,245.62474579829723,101,0.9248333333333334,0.8472575432183548,0.8965,0.665,0.8965,276.7827300953213,397.2031601238996
hotpot,qwen3-embedding_0.6b,645.161,0.932,0.516,0.0,oracle_upper_bound,27.59396929619834,245.62474579829723,101,0.9302333333333334,0.8943037869233136,0.9635,0.665,0.9635,273.3326277954038,393.9276999095455
hotpot,qwen3-embedding_0.6b,604.004,0.448,0.0,0.0,bm25,0.015038802288472652,54.41372499894351,101,0.8442166666666667,0.683419466726298,0.6975,0.549,0.6975,54.535255699418485,88.03236512467264
hotpot,qwen3-embedding_0.6b,652.74,0.586,0.0,0.0,dense,0.017244703136384487,3.0318114003166556,101,0.9230166666666666,0.778629351059155,0.785,0.647,0.785,3.1640057070180774,3.940740076359361
hotpot,qwen3-embedding_0.6b,635.161,0.62,0.0,0.0,rrf_fusion,0.016620104433968663,57.366888001095504,101,0.90025,0.7728293576730155,0.8025,0.624,0.8025,57.49542970629409,91.51765496935695
hotpot,qwen3-embedding_0.6b,655.81,0.64,0.0,0.0,hybrid,0.018506403546780348,68.11212540254928,202,0.9267333333333333,0.7976417262764167,0.814,0.665,0.814,68.26362940785475,97.53901977092026
hotpot,qwen3-embedding_0.6b,691.577,0.711,2.0,1.725,relevance_always,39.94562389864586,68.11212540254928,202,0.9255,0.8163156077468331,0.848,0.665,0.848,108.17964280419983,142.28779529221356
hotpot,qwen3-embedding_0.6b,650.862,0.808,1.958,1.578,mrv_always,38.08410489722155,68.11212540254928,202,0.9245333333333333,0.8462704103544278,0.895,0.665,0.895,106.31123139616102,138.69158489396793
hotpot,qwen3-embedding_0.6b,682.701,0.709,1.727,1.462,relevance_gated,33.867179699474946,68.11212540254928,202,0.9258,0.8162933733124901,0.8475,0.665,0.8475,102.0988040980883,137.74197038728744
hotpot,qwen3-embedding_0.6b,649.178,0.804,1.646,1.279,mrv_gated,32.037339503411204,68.11212540254928,202,0.9248333333333334,0.8457425103665326,0.8935,0.665,0.8935,100.26640850771219,137.01165487291289
hotpot,qwen3-embedding_0.6b,645.161,0.932,0.516,0.0,oracle_upper_bound,27.35874169692397,68.11212540254928,202,0.9302333333333334,0.8943037869233136,0.9635,0.665,0.9635,95.58499169815332,133.42344481498003
hotpot,qwen3-embedding_0.6b,604.004,0.448,0.0,0.0,bm25,0.014498498756438494,53.71490529947914,202,0.8442166666666667,0.683419466726298,0.6975,0.549,0.6975,53.83744999789633,83.80578504875302
hotpot,qwen3-embedding_0.6b,652.74,0.586,0.0,0.0,dense,0.01645850343629718,2.9948481975588948,202,0.9230166666666666,0.778629351059155,0.785,0.647,0.785,3.1259073021356016,3.540085046552121
hotpot,qwen3-embedding_0.6b,635.161,0.62,0.0,0.0,rrf_fusion,0.01590210129506886,57.27406549453735,202,0.90025,0.7728293576730155,0.8025,0.624,0.8025,57.40379999834113,87.3666699742898
hotpot,qwen3-embedding_0.6b,655.81,0.64,0.0,0.0,hybrid,0.016207504319027066,56.96365180192515,303,0.9267333333333333,0.7976417262764167,0.814,0.665,0.814,57.11574940383434,85.49749008379877
hotpot,qwen3-embedding_0.6b,691.577,0.711,2.0,1.725,relevance_always,37.312020398443565,56.96365180192515,303,0.9255,0.8163156077468331,0.848,0.665,0.848,94.39267349988222,125.90213975636289
hotpot,qwen3-embedding_0.6b,651.057,0.807,1.958,1.58,mrv_always,36.0835958966054,56.96365180192515,303,0.9246166666666666,0.8460644827696722,0.8945,0.665,0.8945,93.16085339896381,124.12743516033515
hotpot,qwen3-embedding_0.6b,685.603,0.711,1.765,1.498,relevance_gated,32.79573189886287,56.96365180192515,303,0.92575,0.8167677687380287,0.8485,0.665,0.8485,89.87714239838533,124.95812478009611
hotpot,qwen3-embedding_0.6b,650.574,0.804,1.741,1.373,mrv_gated,32.284047801047564,56.96365180192515,303,0.9248666666666667,0.8455431821521131,0.8935,0.665,0.8935,89.36071240645833,123.13005516771227
hotpot,qwen3-embedding_0.6b,645.161,0.932,0.516,0.0,oracle_upper_bound,26.01195340184495,56.96365180192515,303,0.9302333333333334,0.8943037869233136,0.9635,0.665,0.9635,83.08818170451559,119.1691750427708
hotpot,qwen3-embedding_0.6b,604.004,0.448,0.0,0.0,bm25,0.014903402188792825,50.8507421023678,303,0.8442166666666667,0.683419466726298,0.6975,0.549,0.6975,50.968121404061094,77.33353018993509
hotpot,qwen3-embedding_0.6b,652.74,0.586,0.0,0.0,dense,0.016349801560863853,2.94753999565728,303,0.9230166666666666,0.778629351059155,0.785,0.647,0.785,3.075372101040557,3.37979489704594
hotpot,qwen3-embedding_0.6b,635.161,0.62,0.0,0.0,rrf_fusion,0.01625530212186277,53.82627130486071,303,0.90025,0.7728293576730155,0.8025,0.624,0.8025,53.951586103765294,81.66105020791292
musique,bge-m3_latest,1073.411,0.164,0.0,0.0,hybrid,0.021282801870256662,11119.337364496896,101,0.7353571428571429,0.5118841616577917,0.5185833333333333,0.35525,0.47683333333333333,11119.548373201862,459.8022203659639
musique,bge-m3_latest,1154.502,0.201,3.0,2.748,relevance_always,78.75004570605233,11119.337364496896,101,0.7238666666666665,0.5120976877934166,0.527,0.35525,0.45508333333333334,11198.269246904645,537.2012201347388
musique,bge-m3_latest,1092.894,0.265,2.987,2.689,mrv_always,75.4255922017619,11119.337364496896,101,0.7223857142857143,0.5287809938707686,0.5568333333333333,0.35525,0.4815,11194.938089400064,534.9031149526127
musique,bge-m3_latest,1125.084,0.2,2.492,2.253,relevance_gated,63.55909490166232,11119.337364496896,101,0.7264619047619048,0.5159199066062993,0.5323333333333333,0.35525,0.4704166666666667,11183.07630309579,526.6740999068132
musique,bge-m3_latest,1083.494,0.265,2.556,2.269,mrv_gated,64.075576600153,11119.337364496896,101,0.7248904761904762,0.533167632193612,0.56375,0.35525,0.49541666666666667,11183.586311898427,527.6879052515142
musique,bge-m3_latest,1073.479,0.453,0.732,0.0,oracle_upper_bound,38.21267349878326,11119.337364496896,101,0.7518666666666667,0.6453560092386197,0.715,0.35525,0.6875833333333332,11157.720550491475,500.68999483482906
musique,bge-m3_latest,944.102,0.09,0.0,0.0,bm25,0.017987699480727315,74.01482019759715,101,0.61005,0.40097181652659536,0.40325,0.27466666666666667,0.36816666666666664,74.18527360190637,107.64866515528408
musique,bge-m3_latest,1112.365,0.172,0.0,0.0,dense,0.022913700668141246,3.6199351022951305,101,0.731845238095238,0.5073428269291717,0.5160833333333333,0.3481666666666666,0.4683333333333333,3.8190320022404194,4.255079943686724
musique,bge-m3_latest,1040.306,0.145,0.0,0.0,rrf_fusion,0.020437297876924276,77.50482169771567,101,0.7270238095238095,0.500733605527206,0.5025833333333334,0.3485,0.4615833333333333,77.69142590183765,112.1334598166868
musique,qwen3-embedding_0.6b,1052.023,0.156,0.0,0.0,hybrid,0.021749303676187992,276.15275929891504,101,0.7320904761904763,0.5121983463094575,0.521,0.35525,0.47933333333333333,276.3674823024776,392.76844484265894
musique,qwen3-embedding_0.6b,1115.355,0.18,3.0,2.755,relevance_always,83.45530849788338,276.15275929891504,101,0.7213452380952381,0.508120543653926,0.5211666666666668,0.35525,0.45083333333333336,359.79009109619074,487.0937601663172
musique,qwen3-embedding_0.6b,1071.373,0.249,2.991,2.689,mrv_always,81.02705290168524,276.15275929891504,101,0.7198119047619048,0.5262878941460308,0.55575,0.35525,0.4805,357.35714939888567,482.3361350572668
musique,qwen3-embedding_0.6b,1098.181,0.185,2.628,2.387,relevance_gated,71.4976410025265,276.15275929891504,101,0.7231261904761904,0.5119570111355356,0.527,0.35525,0.4651666666666667,347.83125999895856,476.9293851451948
musique,qwen3-embedding_0.6b,1061.186,0.252,2.694,2.395,mrv_gated,71.87492090254091,276.15275929891504,101,0.7212928571428572,0.5298935447096599,0.5613333333333334,0.35525,0.49075,348.2013295968063,477.351370069664
musique,qwen3-embedding_0.6b,1055.748,0.438,0.707,0.0,oracle_upper_bound,40.74946120311506,276.15275929891504,101,0.7484357142857143,0.6413078728757303,0.7114166666666666,0.35525,0.6833333333333332,317.0731031005271,441.38517000246793
musique,qwen3-embedding_0.6b,944.102,0.09,0.0,0.0,bm25,0.01812440063804388,78.16732849855907,101,0.61005,0.40097181652659536,0.40325,0.27466666666666667,0.36816666666666664,78.34223820245825,118.41077510034665
musique,qwen3-embedding_0.6b,1043.43,0.178,0.0,0.0,dense,0.021396897733211517,3.6550475030671805,101,0.7425190476190476,0.5189350786677224,0.5266666666666667,0.35583333333333333,0.47600000000000003,3.846886099781841,4.619200027082115
musique,qwen3-embedding_0.6b,1020.703,0.142,0.0,0.0,rrf_fusion,0.020003499230369925,81.42628660495393,101,0.717654761904762,0.49743093461903454,0.5051666666666667,0.3375,0.4656666666666667,81.61337219947018,121.13296500174327
musique,qwen3-embedding_0.6b,1052.023,0.156,0.0,0.0,hybrid,0.022689599776640534,95.83077379805036,202,0.7320904761904763,0.5121983463094575,0.521,0.35525,0.47933333333333333,96.0484327012673,135.94959012698382
musique,qwen3-embedding_0.6b,1115.355,0.18,3.0,2.755,relevance_always,83.56791879958473,95.83077379805036,202,0.7213452380952381,0.508120543653926,0.5211666666666668,0.35525,0.45083333333333336,179.58656279998831,234.711075189989
musique,qwen3-embedding_0.6b,1066.243,0.252,2.991,2.687,mrv_always,81.06915219617076,95.83077379805036,202,0.7197119047619047,0.5267418219762537,0.5565833333333333,0.35525,0.48208333333333336,177.07998969545588,234.16971014812586
musique,qwen3-embedding_0.6b,1096.491,0.187,2.574,2.336,relevance_gated,69.88174979831092,95.83077379805036,202,0.7235166666666667,0.5130533206093773,0.5291666666666667,0.35525,0.4673333333333334,165.89915980165824,226.1972350184805
musique,qwen3-embedding_0.6b,1057.561,0.258,2.632,2.336,mrv_gated,70.03853740147315,95.83077379805036,202,0.7215428571428572,0.5312041977748114,0.56375,0.35525,0.4956666666666667,166.05110810464248,225.16063007060438
musique,qwen3-embedding_0.6b,1055.748,0.438,0.707,0.0,oracle_upper_bound,41.03217740030959,95.83077379805036,202,0.7484357142857143,0.6413078728757303,0.7114166666666666,0.35525,0.6833333333333332,137.04256739513949,207.8535700100474
musique,qwen3-embedding_0.6b,944.102,0.09,0.0,0.0,bm25,0.018195101525634527,79.92844739719294,202,0.61005,0.40097181652659536,0.40325,0.27466666666666667,0.36816666666666664,80.11130029545166,119.33948000660165
musique,qwen3-embedding_0.6b,1043.43,0.178,0.0,0.0,dense,0.02054489846341312,3.650845503434539,202,0.7425190476190476,0.5189350786677224,0.5266666666666667,0.35583333333333333,0.47600000000000003,3.848459999775514,4.4614598504267615
musique,qwen3-embedding_0.6b,1020.703,0.142,0.0,0.0,rrf_fusion,0.019583204528316855,83.99775780155323,202,0.717654761904762,0.49743093461903454,0.5051666666666667,0.3375,0.4656666666666667,84.19058130169287,123.86937002884223
musique,qwen3-embedding_0.6b,1052.023,0.156,0.0,0.0,hybrid,0.017855299171060324,77.4835618021898,303,0.7320904761904763,0.5121983463094575,0.521,0.35525,0.47933333333333333,77.67267150850967,112.8239250392653
musique,qwen3-embedding_0.6b,1115.355,0.18,3.0,2.755,relevance_always,71.11084109754302,77.4835618021898,303,0.7213452380952381,0.508120543653926,0.5211666666666668,0.35525,0.45083333333333336,148.760501394514,195.89175465516746
musique,qwen3-embedding_0.6b,1074.091,0.249,2.994,2.688,mrv_always,69.28633960103616,77.4835618021898,303,0.7197523809523809,0.5265550123517936,0.5560833333333334,0.35525,0.48175,146.93118800362572,194.19251964427525
musique,qwen3-embedding_0.6b,1095.528,0.186,2.444,2.211,relevance_gated,56.48758010263555,77.4835618021898,303,0.7238571428571428,0.5131732410894809,0.5288333333333333,0.35525,0.4685,134.13427910394967,191.07038474176076
musique,qwen3-embedding_0.6b,1062.907,0.254,2.523,2.231,mrv_gated,57.527057798113674,77.4835618021898,303,0.7221000000000001,0.5312214718102645,0.5630833333333334,0.35525,0.49775,135.16871240222827,190.53634013980624
musique,qwen3-embedding_0.6b,1055.748,0.438,0.707,0.0,oracle_upper_bound,35.17786180181429,77.4835618021898,303,0.7484357142857143,0.6413078728757303,0.7114166666666666,0.35525,0.6833333333333332,112.8181530975271,172.7831052849069
musique,qwen3-embedding_0.6b,944.102,0.09,0.0,0.0,bm25,0.016013198532164097,70.94134629634209,303,0.61005,0.40097181652659536,0.40325,0.27466666666666667,0.36816666666666664,71.09991219709627,105.4628898622468
musique,qwen3-embedding_0.6b,1043.43,0.178,0.0,0.0,dense,0.01998889888636768,3.538244304480031,303,0.7425190476190476,0.5189350786677224,0.5266666666666667,0.35583333333333333,0.47600000000000003,3.713774702278897,3.9752649958245456
musique,qwen3-embedding_0.6b,1020.703,0.142,0.0,0.0,rrf_fusion,0.018336903071030974,74.17915130220354,303,0.717654761904762,0.49743093461903454,0.5051666666666667,0.3375,0.4656666666666667,74.35005550575443,108.2356798928231
