condition,dataset,dropped_edges,false_edges,full_evidence,graph_actions,graph_edges,harmful_expansions,policy,support_recall
clean,2wiki,0,0,0.367,0.0,74676,0.0,hybrid,0.68825
clean,2wiki,0,0,0.572,1.52,74676,1.107,mrv_gated,0.815
clean,2wiki,0,0,0.753,0.713,74676,0.0,oracle_upper_bound,0.92825
dropout_10,2wiki,7430,0,0.367,0.0,67246,0.0,hybrid,0.68825
dropout_10,2wiki,7430,0,0.544,1.449,67246,1.083,mrv_gated,0.7975
dropout_10,2wiki,7430,0,0.718,0.654,67246,0.0,oracle_upper_bound,0.905
dropout_25,2wiki,18628,0,0.367,0.0,56048,0.0,hybrid,0.68825
dropout_25,2wiki,18628,0,0.522,1.417,56048,1.103,mrv_gated,0.77975
dropout_25,2wiki,18628,0,0.692,0.592,56048,0.0,oracle_upper_bound,0.88225
dropout_50,2wiki,37174,0,0.367,0.0,37502,0.0,hybrid,0.68825
dropout_50,2wiki,37174,0,0.461,1.237,37502,1.009,mrv_gated,0.74525
dropout_50,2wiki,37174,0,0.616,0.451,37502,0.0,oracle_upper_bound,0.8365
false_edges_10,2wiki,0,7468,0.367,0.0,82144,0.0,hybrid,0.68825
false_edges_10,2wiki,0,7468,0.45,1.651,82144,1.436,mrv_gated,0.73825
false_edges_10,2wiki,0,7468,0.723,0.671,82144,0.0,oracle_upper_bound,0.914
false_edges_25,2wiki,0,18669,0.367,0.0,93345,0.0,hybrid,0.68825
false_edges_25,2wiki,0,18669,0.348,1.831,93345,1.78,mrv_gated,0.674
false_edges_25,2wiki,0,18669,0.719,0.666,93345,0.0,oracle_upper_bound,0.913
false_edges_50,2wiki,0,37338,0.367,0.0,112014,0.0,hybrid,0.68825
false_edges_50,2wiki,0,37338,0.316,1.941,112014,1.939,mrv_gated,0.6535
false_edges_50,2wiki,0,37338,0.711,0.655,112014,0.0,oracle_upper_bound,0.91
mixed_25_25,2wiki,18628,18669,0.367,0.0,74717,0.0,hybrid,0.68825
mixed_25_25,2wiki,18628,18669,0.342,1.851,74717,1.816,mrv_gated,0.66925
mixed_25_25,2wiki,18628,18669,0.672,0.558,74717,0.0,oracle_upper_bound,0.87425
clean,hotpot,0,0,0.64,0.0,144586,0.0,hybrid,0.814
clean,hotpot,0,0,0.81,1.569,144586,1.201,mrv_gated,0.8965
clean,hotpot,0,0,0.932,0.516,144586,0.0,oracle_upper_bound,0.9635
dropout_10,hotpot,14447,0,0.64,0.0,130139,0.0,hybrid,0.814
dropout_10,hotpot,14447,0,0.77,1.508,130139,1.204,mrv_gated,0.8775
dropout_10,hotpot,14447,0,0.887,0.437,130139,0.0,oracle_upper_bound,0.9415
dropout_25,hotpot,35877,0,0.64,0.0,108709,0.0,hybrid,0.814
dropout_25,hotpot,35877,0,0.757,1.504,108709,1.223,mrv_gated,0.87
dropout_25,hotpot,35877,0,0.868,0.406,108709,0.0,oracle_upper_bound,0.93
dropout_50,hotpot,71979,0,0.64,0.0,72607,0.0,hybrid,0.814
dropout_50,hotpot,71979,0,0.686,1.473,72607,1.285,mrv_gated,0.8345
dropout_50,hotpot,71979,0,0.788,0.267,72607,0.0,oracle_upper_bound,0.8895
false_edges_10,hotpot,0,14459,0.64,0.0,159045,0.0,hybrid,0.814
false_edges_10,hotpot,0,14459,0.668,1.654,159045,1.471,mrv_gated,0.824
false_edges_10,hotpot,0,14459,0.896,0.444,159045,0.0,oracle_upper_bound,0.9455
false_edges_25,hotpot,0,36146,0.64,0.0,180732,0.0,hybrid,0.814
false_edges_25,hotpot,0,36146,0.58,1.793,180732,1.717,mrv_gated,0.778
false_edges_25,hotpot,0,36146,0.895,0.442,180732,0.0,oracle_upper_bound,0.945
false_edges_50,hotpot,0,72293,0.64,0.0,216879,0.0,hybrid,0.814
false_edges_50,hotpot,0,72293,0.537,1.842,216879,1.811,mrv_gated,0.7565
false_edges_50,hotpot,0,72293,0.893,0.438,216879,0.0,oracle_upper_bound,0.944
mixed_25_25,hotpot,35877,36146,0.64,0.0,144855,0.0,hybrid,0.814
mixed_25_25,hotpot,35877,36146,0.574,1.777,144855,1.713,mrv_gated,0.7745
mixed_25_25,hotpot,35877,36146,0.858,0.391,144855,0.0,oracle_upper_bound,0.925
clean,musique,0,0,0.156,0.0,180645,0.0,hybrid,0.521
clean,musique,0,0,0.252,2.694,180645,2.395,mrv_gated,0.5613333333333334
clean,musique,0,0,0.438,0.707,180645,0.0,oracle_upper_bound,0.7114166666666666
dropout_10,musique,18139,0,0.156,0.0,162506,0.0,hybrid,0.521
dropout_10,musique,18139,0,0.228,2.631,162506,2.367,mrv_gated,0.547
dropout_10,musique,18139,0,0.426,0.66,162506,0.0,oracle_upper_bound,0.7006666666666668
dropout_25,musique,44894,0,0.156,0.0,135751,0.0,hybrid,0.521
dropout_25,musique,44894,0,0.251,2.742,135751,2.454,mrv_gated,0.553
dropout_25,musique,44894,0,0.413,0.627,135751,0.0,oracle_upper_bound,0.6895833333333333
dropout_50,musique,89947,0,0.156,0.0,90698,0.0,hybrid,0.521
dropout_50,musique,89947,0,0.189,2.727,90698,2.526,mrv_gated,0.522
dropout_50,musique,89947,0,0.318,0.472,90698,0.0,oracle_upper_bound,0.6373333333333333
false_edges_10,musique,0,18064,0.156,0.0,198709,0.0,hybrid,0.521
false_edges_10,musique,0,18064,0.198,2.77,198709,2.589,mrv_gated,0.5170833333333332
false_edges_10,musique,0,18064,0.401,0.61,198709,0.0,oracle_upper_bound,0.6843333333333332
false_edges_25,musique,0,45161,0.156,0.0,225806,0.0,hybrid,0.521
false_edges_25,musique,0,45161,0.148,2.939,225806,2.849,mrv_gated,0.4814166666666666
false_edges_25,musique,0,45161,0.398,0.607,225806,0.0,oracle_upper_bound,0.6830833333333333
false_edges_50,musique,0,90322,0.156,0.0,270967,0.0,hybrid,0.521
false_edges_50,musique,0,90322,0.129,2.985,270967,2.946,mrv_gated,0.46575
false_edges_50,musique,0,90322,0.395,0.599,270967,0.0,oracle_upper_bound,0.6809166666666666
mixed_25_25,musique,44894,45161,0.156,0.0,180912,0.0,hybrid,0.521
mixed_25_25,musique,44894,45161,0.145,2.978,180912,2.876,mrv_gated,0.48116666666666663
mixed_25_25,musique,44894,45161,0.402,0.607,180912,0.0,oracle_upper_bound,0.68375
